<?xml version='1.0' encoding='UTF-8' ?>
<timeLogEntries>
  <time id="1" path="/Non Project/PSP for Engineers/Program 1/Planning" start="@1436908713099" delta="6" />
  <time id="2" path="/Non Project/PSP for Engineers/Program 1/Design" start="@1436909071455" delta="13" />
  <time id="3" path="/Non Project/PSP for Engineers/Program 1/Code" start="@1436918154508" delta="7" />
  <time id="4" path="/Non Project/PSP for Engineers/Program 1/Code" start="@1436919699647" delta="12" interrupt="3" />
  <time id="5" path="/Non Project/PSP for Engineers/Program 1/Code" start="@1436921895209" delta="12" />
  <time id="6" path="/Non Project/PSP for Engineers/Program 1/Code" start="@1437052127307" delta="13" />
  <time id="7" path="/Non Project/PSP for Engineers/Program 1/Code" start="@1437054965995" delta="4" />
  <time id="8" path="/Non Project/PSP for Engineers/Program 1/Code" start="@1437055595163" delta="38" interrupt="7" />
</timeLogEntries>
